﻿SEDE_CODIGO;PERIODO_ID;PERIODO_ANIO;JORNADA_ID;JORNADA_CODIGO;JORNADA_NOMBRE;NIVELENSE_ID;NIVELENSE_CODIGO;NIVELENSE_NOMBRE;JORNCAP_CANTIDAD_HOMBRE;JORNCAP_CANTIDAD_MUJER
205656000075;4;2017;6;6;Única / Completa;1;01;Preescolar;1;1
205656000075;4;2017;6;6;Única / Completa;2;02;Básica primaria;10;5
168001000444;4;2017;2;2;Mañana;3;03;Básica secundaria;1;0
168001000444;4;2017;2;2;Mañana;4;04;Media;0;1
376130000606;4;2017;2;2;Mañana;2;02;Básica primaria;0;1
105001007188;4;2017;2;2;Mañana;3;03;Básica secundaria;0;1
305001016003;4;2017;2;2;Mañana;2;02;Básica primaria;1;0
225839000377;4;2017;2;2;Mañana;2;02;Básica primaria;1;0
111001014206;4;2017;3;3;Tarde;2;02;Básica primaria;23;11
111001027324;4;2017;3;3;Tarde;2;02;Básica primaria;5;3
111001027324;4;2017;3;3;Tarde;3;03;Básica secundaria;3;9
325740000558;4;2017;2;2;Mañana;2;02;Básica primaria;0;1
227205000415;4;2017;2;2;Mañana;2;02;Básica primaria;2;1
111001094897;4;2017;2;2;Mañana;2;02;Básica primaria;1;0
405631017193;4;2017;6;6;Única / Completa;1;01;Preescolar;13;16
111001014206;4;2017;3;3;Tarde;1;01;Preescolar;3;3
111001014206;4;2017;3;3;Tarde;3;03;Básica secundaria;13;12
111001014206;4;2017;3;3;Tarde;4;04;Media;6;3
368001007812;4;2017;6;6;Única / Completa;2;02;Básica primaria;1;0
225175000145;4;2017;2;2;Mañana;3;03;Básica secundaria;1;0
111001079154;4;2017;3;3;Tarde;3;03;Básica secundaria;1;0
368307000919;4;2017;2;2;Mañana;1;01;Preescolar;14;14
168001002421;4;2017;2;2;Mañana;3;03;Básica secundaria;0;1
176736000122;4;2017;2;2;Mañana;2;02;Básica primaria;2;0
176736000548;4;2017;2;2;Mañana;2;02;Básica primaria;1;0
176001001826;4;2017;3;3;Tarde;3;03;Básica secundaria;2;1
181736002765;4;2017;2;2;Mañana;1;01;Preescolar;3;0
181736002765;4;2017;2;2;Mañana;2;02;Básica primaria;7;2
173870000521;4;2017;6;6;Única / Completa;2;02;Básica primaria;0;1
176147000376;4;2017;2;2;Mañana;3;03;Básica secundaria;3;0
176147000376;4;2017;2;2;Mañana;4;04;Media;1;5
176147000376;4;2017;3;3;Tarde;3;03;Básica secundaria;5;0
325290002288;4;2017;6;6;Única / Completa;1;01;Preescolar;0;1
325290002288;4;2017;6;6;Única / Completa;2;02;Básica primaria;4;3
311001106215;4;2017;2;2;Mañana;1;01;Preescolar;0;1
376364001908;4;2017;2;2;Mañana;2;02;Básica primaria;1;0
308433000581;4;2017;2;2;Mañana;3;03;Básica secundaria;6;1
308433000581;4;2017;2;2;Mañana;4;04;Media;2;1
125841000215;4;2017;2;2;Mañana;4;04;Media;0;1
205001010281;4;2017;2;2;Mañana;3;03;Básica secundaria;0;1
205001010281;4;2017;2;2;Mañana;4;04;Media;1;0
111001027324;4;2017;2;2;Mañana;3;03;Básica secundaria;12;10
305001010935;4;2017;2;2;Mañana;1;01;Preescolar;0;1
311001087911;4;2017;6;6;Única / Completa;2;02;Básica primaria;2;0
305837006185;4;2017;2;2;Mañana;2;02;Básica primaria;1;0
111001035572;4;2017;3;3;Tarde;4;04;Media;1;0
205250000392;4;2017;2;2;Mañana;2;02;Básica primaria;1;0
111001094901;4;2017;6;6;Única / Completa;3;03;Básica secundaria;1;1
105001002381;4;2017;2;2;Mañana;2;02;Básica primaria;0;1
325754001859;4;2017;6;6;Única / Completa;2;02;Básica primaria;1;0
305697000378;4;2017;6;6;Única / Completa;1;01;Preescolar;1;0
370001001355;4;2017;2;2;Mañana;4;04;Media;1;0
105212000112;4;2017;6;6;Única / Completa;3;03;Básica secundaria;1;0
105212000112;4;2017;6;6;Única / Completa;4;04;Media;5;0
205001018745;4;2017;3;3;Tarde;2;02;Básica primaria;2;2
111001107794;4;2017;2;2;Mañana;3;03;Básica secundaria;0;1
105360000296;4;2017;6;6;Única / Completa;4;04;Media;2;0
105088000389;4;2017;3;3;Tarde;2;02;Básica primaria;1;0
205079000885;4;2017;3;3;Tarde;2;02;Básica primaria;1;0
305001016275;4;2017;6;6;Única / Completa;2;02;Básica primaria;0;1
305001016275;4;2017;6;6;Única / Completa;3;03;Básica secundaria;1;1
176001005813;4;2017;2;2;Mañana;3;03;Básica secundaria;2;0
111001025216;4;2017;3;3;Tarde;3;03;Básica secundaria;1;1
111001025216;4;2017;3;3;Tarde;4;04;Media;1;0
305001003947;4;2017;6;6;Única / Completa;2;02;Básica primaria;2;0
305001003947;4;2017;6;6;Única / Completa;3;03;Básica secundaria;1;0
205665001343;4;2017;2;2;Mañana;2;02;Básica primaria;0;1
305250000656;4;2017;2;2;Mañana;2;02;Básica primaria;2;1
325754004238;4;2017;6;6;Única / Completa;2;02;Básica primaria;2;0
111848002662;4;2017;2;2;Mañana;3;03;Básica secundaria;1;0
105001007218;4;2017;2;2;Mañana;4;04;Media;1;0
308433075956;4;2017;2;2;Mañana;2;02;Básica primaria;1;0
105001007111;4;2017;3;3;Tarde;3;03;Básica secundaria;1;0
313001030025;4;2017;6;6;Única / Completa;2;02;Básica primaria;1;0
305001011583;4;2017;6;6;Única / Completa;3;03;Básica secundaria;1;0
220621000845;4;2017;2;2;Mañana;2;02;Básica primaria;0;1
111001107760;4;2017;3;3;Tarde;3;03;Básica secundaria;1;0
247189001059;4;2017;3;3;Tarde;2;02;Básica primaria;9;6
170820000199;4;2017;2;2;Mañana;1;01;Preescolar;5;7
170820000199;4;2017;2;2;Mañana;2;02;Básica primaria;12;10
176616000188;4;2017;2;2;Mañana;2;02;Básica primaria;1;1
205667000441;4;2017;6;6;Única / Completa;2;02;Básica primaria;1;0
111001086614;4;2017;2;2;Mañana;2;02;Básica primaria;1;0
111001086614;4;2017;3;3;Tarde;3;03;Básica secundaria;1;0
111001086614;4;2017;3;3;Tarde;4;04;Media;1;0
111001012441;4;2017;3;3;Tarde;2;02;Básica primaria;3;1
376109015776;4;2017;2;2;Mañana;2;02;Básica primaria;12;15
125754001957;4;2017;2;2;Mañana;2;02;Básica primaria;2;1
111001107816;4;2017;2;2;Mañana;2;02;Básica primaria;1;0
305001018898;4;2017;2;2;Mañana;2;02;Básica primaria;1;0
297161000038;4;2017;2;2;Mañana;1;01;Preescolar;5;10
297161000038;4;2017;2;2;Mañana;2;02;Básica primaria;65;71
297161000038;4;2017;2;2;Mañana;3;03;Básica secundaria;54;34
281736000325;4;2017;2;2;Mañana;1;01;Preescolar;0;1
176147002174;4;2017;6;6;Única / Completa;3;03;Básica secundaria;1;1
205615000877;4;2017;6;6;Única / Completa;3;03;Básica secundaria;1;0
205615000877;4;2017;6;6;Única / Completa;4;04;Media;1;0
347001053825;4;2017;2;2;Mañana;1;01;Preescolar;1;2
347001053825;4;2017;2;2;Mañana;2;02;Básica primaria;2;8
225175000242;4;2017;2;2;Mañana;3;03;Básica secundaria;1;0
108001009783;4;2017;2;2;Mañana;1;01;Preescolar;1;3
125175000418;4;2017;2;2;Mañana;2;02;Básica primaria;1;1
225245000270;4;2017;2;2;Mañana;2;02;Básica primaria;1;0
111001107077;4;2017;3;3;Tarde;4;04;Media;1;0
170523000040;4;2017;2;2;Mañana;1;01;Preescolar;3;4
205001001729;4;2017;3;3;Tarde;2;02;Básica primaria;1;0
125754001167;4;2017;2;2;Mañana;2;02;Básica primaria;4;1
276845000102;4;2017;2;2;Mañana;3;03;Básica secundaria;1;0
225095000110;4;2017;6;6;Única / Completa;2;02;Básica primaria;1;0
111001026301;4;2017;6;6;Única / Completa;2;02;Básica primaria;1;0
225377000023;4;2017;2;2;Mañana;2;02;Básica primaria;1;0
176001004159;4;2017;6;6;Única / Completa;2;02;Básica primaria;0;1
125754004301;4;2017;6;6;Única / Completa;2;02;Básica primaria;2;3
176001004108;4;2017;3;3;Tarde;2;02;Básica primaria;1;0
105001019879;4;2017;2;2;Mañana;4;04;Media;1;0
425286001239;4;2017;6;6;Única / Completa;2;02;Básica primaria;1;0
305045000635;4;2017;6;6;Única / Completa;4;04;Media;1;0
105631000068;4;2017;2;2;Mañana;3;03;Básica secundaria;0;1
105364000401;4;2017;2;2;Mañana;3;03;Básica secundaria;1;0
311001038244;4;2017;6;6;Única / Completa;1;01;Preescolar;1;0
220710000247;4;2017;2;2;Mañana;2;02;Básica primaria;1;0
447189041939;4;2017;2;2;Mañana;1;01;Preescolar;4;3
447189041939;4;2017;2;2;Mañana;2;02;Básica primaria;7;9
247189001504;4;2017;2;2;Mañana;2;02;Básica primaria;4;2
247189000893;4;2017;2;2;Mañana;1;01;Preescolar;4;2
247189000893;4;2017;2;2;Mañana;2;02;Básica primaria;16;5
105360000393;4;2017;2;2;Mañana;2;02;Básica primaria;1;0
105380019619;4;2017;2;2;Mañana;1;01;Preescolar;1;0
447189004499;4;2017;2;2;Mañana;1;01;Preescolar;5;4
447189004499;4;2017;2;2;Mañana;2;02;Básica primaria;15;12
105631000050;4;2017;2;2;Mañana;3;03;Básica secundaria;1;0
111001018333;4;2017;2;2;Mañana;2;02;Básica primaria;1;0
111001018333;4;2017;2;2;Mañana;3;03;Básica secundaria;1;0
311001051755;4;2017;6;6;Única / Completa;1;01;Preescolar;1;0
168081000831;4;2017;6;6;Única / Completa;4;04;Media;6;9
111001014206;4;2017;2;2;Mañana;1;01;Preescolar;5;5
111001014206;4;2017;2;2;Mañana;2;02;Básica primaria;39;38
111001014206;4;2017;2;2;Mañana;3;03;Básica secundaria;30;26
111001014206;4;2017;2;2;Mañana;4;04;Media;13;5
147058000303;4;2017;2;2;Mañana;2;02;Básica primaria;1;0
147058000303;4;2017;3;3;Tarde;2;02;Básica primaria;1;0
105360000024;4;2017;2;2;Mañana;2;02;Básica primaria;1;0
125175000493;4;2017;3;3;Tarde;3;03;Básica secundaria;4;0
125175000493;4;2017;2;2;Mañana;3;03;Básica secundaria;2;0
105001011011;4;2017;3;3;Tarde;2;02;Básica primaria;1;0
320001069448;4;2017;6;6;Única / Completa;2;02;Básica primaria;1;0
344001003357;4;2017;6;6;Única / Completa;4;04;Media;1;0
311001075115;4;2017;6;6;Única / Completa;2;02;Básica primaria;1;0
308001017203;4;2017;2;2;Mañana;2;02;Básica primaria;1;0
105308000059;4;2017;2;2;Mañana;3;03;Básica secundaria;1;0
105001000141;4;2017;2;2;Mañana;3;03;Básica secundaria;1;0
105001000141;4;2017;2;2;Mañana;4;04;Media;1;0
111001027324;4;2017;2;2;Mañana;2;02;Básica primaria;6;4
325875000299;4;2017;2;2;Mañana;2;02;Básica primaria;1;0
305001005893;4;2017;6;6;Única / Completa;2;02;Básica primaria;1;0
305001005893;4;2017;6;6;Única / Completa;3;03;Básica secundaria;1;1
105001005347;4;2017;3;3;Tarde;2;02;Básica primaria;0;1
325754003169;4;2017;6;6;Única / Completa;3;03;Básica secundaria;1;0
305266000036;4;2017;6;6;Única / Completa;2;02;Básica primaria;1;0
425473000866;4;2017;6;6;Única / Completa;3;03;Básica secundaria;1;0
111001107743;4;2017;3;3;Tarde;3;03;Básica secundaria;1;0
111001047236;4;2017;2;2;Mañana;2;02;Básica primaria;1;0
211850000051;4;2017;3;3;Tarde;2;02;Básica primaria;1;0
276869000138;4;2017;2;2;Mañana;3;03;Básica secundaria;0;1
376109009610;4;2017;2;2;Mañana;2;02;Básica primaria;1;0
111001014346;4;2017;2;2;Mañana;3;03;Básica secundaria;2;0
111001014346;4;2017;3;3;Tarde;4;04;Media;1;0
125740000044;4;2017;2;2;Mañana;2;02;Básica primaria;0;2
225151000152;4;2017;2;2;Mañana;3;03;Básica secundaria;1;0
376001043315;4;2017;2;2;Mañana;3;03;Básica secundaria;0;1
176736000068;4;2017;2;2;Mañana;2;02;Básica primaria;1;0
108001009783;4;2017;6;6;Única / Completa;3;03;Básica secundaria;8;7
108001009783;4;2017;6;6;Única / Completa;4;04;Media;4;3
291001000076;4;2017;2;2;Mañana;2;02;Básica primaria;1;0
447001051541;4;2017;2;2;Mañana;2;02;Básica primaria;1;2
205490001639;4;2017;2;2;Mañana;4;04;Media;0;1
317001005875;4;2017;6;6;Única / Completa;2;02;Básica primaria;2;0
176001007875;4;2017;2;2;Mañana;3;03;Básica secundaria;4;0
168001002421;4;2017;3;3;Tarde;3;03;Básica secundaria;1;0
168276001017;4;2017;2;2;Mañana;2;02;Básica primaria;5;2
370001002807;4;2017;2;2;Mañana;1;01;Preescolar;2;3
370001002807;4;2017;2;2;Mañana;2;02;Básica primaria;3;3
105001013340;4;2017;2;2;Mañana;4;04;Media;3;0
176736000017;4;2017;2;2;Mañana;2;02;Básica primaria;2;0
105001013340;4;2017;3;3;Tarde;3;03;Básica secundaria;2;2
105360001357;4;2017;2;2;Mañana;3;03;Básica secundaria;1;1
105001013340;4;2017;2;2;Mañana;3;03;Básica secundaria;1;1
176834003989;4;2017;2;2;Mañana;3;03;Básica secundaria;15;17
176834003989;4;2017;2;2;Mañana;4;04;Media;15;4
176834003989;4;2017;3;3;Tarde;2;02;Básica primaria;1;2
105001011011;4;2017;2;2;Mañana;3;03;Básica secundaria;2;1
105001011011;4;2017;2;2;Mañana;4;04;Media;1;0
311001076758;4;2017;6;6;Única / Completa;3;03;Básica secundaria;3;1
105266000941;4;2017;6;6;Única / Completa;3;03;Básica secundaria;1;0
176622000122;4;2017;2;2;Mañana;2;02;Básica primaria;1;0
147555000171;4;2017;3;3;Tarde;2;02;Básica primaria;0;1
105001015857;4;2017;3;3;Tarde;2;02;Básica primaria;1;0
205001010281;4;2017;3;3;Tarde;2;02;Básica primaria;2;1
105001005495;4;2017;2;2;Mañana;3;03;Básica secundaria;1;0
105088001750;4;2017;2;2;Mañana;3;03;Básica secundaria;1;0
168001000525;4;2017;3;3;Tarde;2;02;Básica primaria;0;1
311001008621;4;2017;6;6;Única / Completa;1;01;Preescolar;4;0
311001008621;4;2017;6;6;Única / Completa;2;02;Básica primaria;12;12
311001008621;4;2017;6;6;Única / Completa;3;03;Básica secundaria;17;9
311001008621;4;2017;6;6;Única / Completa;4;04;Media;5;6
111001107824;4;2017;3;3;Tarde;1;01;Preescolar;5;19
111001107824;4;2017;3;3;Tarde;2;02;Básica primaria;8;12
176001001745;4;2017;2;2;Mañana;3;03;Básica secundaria;9;27
176001001745;4;2017;2;2;Mañana;4;04;Media;10;19
176001001745;4;2017;3;3;Tarde;3;03;Básica secundaria;15;27
311001000921;4;2017;6;6;Única / Completa;2;02;Básica primaria;1;0
105001002895;4;2017;2;2;Mañana;3;03;Básica secundaria;2;0
205665000461;4;2017;6;6;Única / Completa;2;02;Básica primaria;0;1
425799000475;4;2017;6;6;Única / Completa;3;03;Básica secundaria;1;0
320060003399;4;2017;2;2;Mañana;2;02;Básica primaria;1;0
105001010995;4;2017;2;2;Mañana;2;02;Básica primaria;1;0
105360000474;4;2017;2;2;Mañana;3;03;Básica secundaria;0;1
247189001059;4;2017;2;2;Mañana;1;01;Preescolar;3;7
247189001059;4;2017;2;2;Mañana;3;03;Básica secundaria;9;7
247189001059;4;2017;2;2;Mañana;4;04;Media;3;2
311001110212;4;2017;6;6;Única / Completa;2;02;Básica primaria;1;0
305266000583;4;2017;6;6;Única / Completa;2;02;Básica primaria;1;0
305266000583;4;2017;6;6;Única / Completa;3;03;Básica secundaria;1;0
125175000418;4;2017;3;3;Tarde;2;02;Básica primaria;0;2
308433000581;4;2017;3;3;Tarde;2;02;Básica primaria;3;4
368081003758;4;2017;2;2;Mañana;1;01;Preescolar;0;2
305001014701;4;2017;6;6;Única / Completa;2;02;Básica primaria;4;0
205001018745;4;2017;2;2;Mañana;3;03;Básica secundaria;1;1
376364001797;4;2017;2;2;Mañana;3;03;Básica secundaria;1;0
305001024419;4;2017;2;2;Mañana;2;02;Básica primaria;2;0
105615000627;4;2017;2;2;Mañana;4;04;Media;1;0
105615000627;4;2017;3;3;Tarde;3;03;Básica secundaria;1;0
311001032165;4;2017;6;6;Única / Completa;2;02;Básica primaria;17;10
311001032165;4;2017;6;6;Única / Completa;3;03;Básica secundaria;17;11
311001032165;4;2017;6;6;Única / Completa;4;04;Media;6;5
270523002055;4;2017;2;2;Mañana;2;02;Básica primaria;0;1
205847000440;4;2017;6;6;Única / Completa;2;02;Básica primaria;1;0
125148001241;4;2017;2;2;Mañana;1;01;Preescolar;1;0
176001005813;4;2017;3;3;Tarde;3;03;Básica secundaria;1;0
176001005813;4;2017;3;3;Tarde;4;04;Media;1;0
247980042371;4;2017;2;2;Mañana;2;02;Básica primaria;1;0
168001007627;4;2017;3;3;Tarde;2;02;Básica primaria;1;0
105266000461;4;2017;6;6;Única / Completa;3;03;Básica secundaria;0;2
105001005495;4;2017;3;3;Tarde;2;02;Básica primaria;1;0
105266000461;4;2017;2;2;Mañana;2;02;Básica primaria;1;0
105088001750;4;2017;3;3;Tarde;2;02;Básica primaria;3;1
311001002428;4;2017;6;6;Única / Completa;2;02;Básica primaria;1;0
105490000476;4;2017;2;2;Mañana;3;03;Básica secundaria;4;9
105490000476;4;2017;3;3;Tarde;2;02;Básica primaria;2;1
105001005347;4;2017;2;2;Mañana;3;03;Básica secundaria;1;1
425286000739;4;2017;6;6;Única / Completa;2;02;Básica primaria;0;1
320013022989;4;2017;2;2;Mañana;1;01;Preescolar;1;0
105001013072;4;2017;3;3;Tarde;3;03;Básica secundaria;0;1
111001012441;4;2017;2;2;Mañana;3;03;Básica secundaria;3;1
176020000172;4;2017;2;2;Mañana;2;02;Básica primaria;2;0
176622000131;4;2017;2;2;Mañana;3;03;Básica secundaria;2;2
247189002501;4;2017;2;2;Mañana;2;02;Básica primaria;4;3
176834004233;4;2017;3;3;Tarde;2;02;Básica primaria;0;1
205001018745;4;2017;2;2;Mañana;4;04;Media;1;0
105001008389;4;2017;3;3;Tarde;3;03;Básica secundaria;4;0
168081000831;4;2017;2;2;Mañana;3;03;Básica secundaria;21;18
105001003450;4;2017;2;2;Mañana;2;02;Básica primaria;3;3
168081000831;4;2017;2;2;Mañana;2;02;Básica primaria;0;2
205615000443;4;2017;2;2;Mañana;2;02;Básica primaria;1;0
308001078563;4;2017;2;2;Mañana;1;01;Preescolar;0;2
308001078563;4;2017;2;2;Mañana;2;02;Básica primaria;5;2
105001001716;4;2017;3;3;Tarde;2;02;Básica primaria;1;0
105266000169;4;2017;2;2;Mañana;2;02;Básica primaria;1;0
168276000720;4;2017;2;2;Mañana;3;03;Básica secundaria;1;0
105001007889;4;2017;2;2;Mañana;3;03;Básica secundaria;1;0
170713000364;4;2017;2;2;Mañana;2;02;Básica primaria;1;0
381001003597;4;2017;6;6;Única / Completa;1;01;Preescolar;1;0
376109009172;4;2017;2;2;Mañana;4;04;Media;1;0
105001026701;4;2017;3;3;Tarde;2;02;Básica primaria;1;0
108001009783;4;2017;2;2;Mañana;2;02;Básica primaria;12;15
276403000138;4;2017;2;2;Mañana;2;02;Básica primaria;1;0
105001003310;4;2017;2;2;Mañana;2;02;Básica primaria;1;0
347170000757;4;2017;2;2;Mañana;1;01;Preescolar;3;2
347170000757;4;2017;2;2;Mañana;2;02;Básica primaria;4;4
308296000013;4;2017;6;6;Única / Completa;3;03;Básica secundaria;0;1
176736000076;4;2017;2;2;Mañana;2;02;Básica primaria;0;1
225878000694;4;2017;6;6;Única / Completa;2;02;Básica primaria;2;2
115001001282;4;2017;2;2;Mañana;1;01;Preescolar;1;1
115001001282;4;2017;2;2;Mañana;2;02;Básica primaria;1;1
285001000475;4;2017;6;6;Única / Completa;2;02;Básica primaria;0;1
125288000252;4;2017;2;2;Mañana;4;04;Media;1;0
111001110060;4;2017;3;3;Tarde;1;01;Preescolar;0;2
111001110060;4;2017;3;3;Tarde;2;02;Básica primaria;0;1
111001110060;4;2017;3;3;Tarde;3;03;Básica secundaria;3;1
325260000655;4;2017;2;2;Mañana;1;01;Preescolar;0;1
105030000010;4;2017;6;6;Única / Completa;3;03;Básica secundaria;1;0
105615000911;4;2017;6;6;Única / Completa;1;01;Preescolar;1;0
105761000124;4;2017;6;6;Única / Completa;2;02;Básica primaria;1;0
205031001391;4;2017;6;6;Única / Completa;2;02;Básica primaria;0;1
205051000073;4;2017;6;6;Única / Completa;2;02;Básica primaria;1;0
205107000071;4;2017;6;6;Única / Completa;2;02;Básica primaria;15;8
205313000835;4;2017;6;6;Única / Completa;2;02;Básica primaria;1;0
476001029953;4;2017;6;6;Única / Completa;3;03;Básica secundaria;0;1
205667000158;4;2017;6;6;Única / Completa;2;02;Básica primaria;1;0
305088002615;4;2017;6;6;Única / Completa;2;02;Básica primaria;1;0
305376000700;4;2017;6;6;Única / Completa;2;02;Básica primaria;1;0
111001041611;4;2017;5;5;Fin de Semana;5;05;CLEI (Ciclos lectivos integrados - decreto 3011 de 1997);0;1
163001001139;4;2017;6;6;Única / Completa;3;03;Básica secundaria;3;0
250689001447;4;2017;6;6;Única / Completa;3;03;Básica secundaria;1;0
108001012652;4;2017;2;2;Mañana;3;03;Básica secundaria;2;1
317001005221;4;2017;2;2;Mañana;3;03;Básica secundaria;1;0
350001005180;4;2017;3;3;Tarde;2;02;Básica primaria;1;0
385001004599;4;2017;2;2;Mañana;1;01;Preescolar;10;10
350001007921;4;2017;2;2;Mañana;1;01;Preescolar;1;0
173217000035;4;2017;2;2;Mañana;3;03;Básica secundaria;1;0
347001051385;4;2017;2;2;Mañana;1;01;Preescolar;1;0
150001004435;4;2017;2;2;Mañana;3;03;Básica secundaria;2;3
105674000053;4;2017;6;6;Única / Completa;2;02;Básica primaria;1;0
241668000107;4;2017;5;5;Fin de Semana;5;05;CLEI (Ciclos lectivos integrados - decreto 3011 de 1997);0;1
250001000507;4;2017;2;2;Mañana;3;03;Básica secundaria;0;1
311001102384;4;2017;6;6;Única / Completa;2;02;Básica primaria;5;4
311001102384;4;2017;6;6;Única / Completa;3;03;Básica secundaria;2;3
147555000627;4;2017;6;6;Única / Completa;4;04;Media;2;1
120001068216;4;2017;2;2;Mañana;3;03;Básica secundaria;3;2
363001002983;4;2017;2;2;Mañana;2;02;Básica primaria;1;0
123001001820;4;2017;2;2;Mañana;2;02;Básica primaria;12;12
105001000566;4;2017;3;3;Tarde;3;03;Básica secundaria;2;0
176147001933;4;2017;6;6;Única / Completa;4;04;Media;1;0
166594000035;4;2017;2;2;Mañana;3;03;Básica secundaria;0;2
105308000041;4;2017;3;3;Tarde;2;02;Básica primaria;1;2
166001006059;4;2017;2;2;Mañana;4;04;Media;1;0
219137001367;4;2017;2;2;Mañana;2;02;Básica primaria;1;1
123001000483;4;2017;2;2;Mañana;3;03;Básica secundaria;0;2
123001000483;4;2017;2;2;Mañana;4;04;Media;0;1
252019000108;4;2017;2;2;Mañana;1;01;Preescolar;0;1
252019000108;4;2017;2;2;Mañana;2;02;Básica primaria;1;1
176834001609;4;2017;2;2;Mañana;3;03;Básica secundaria;1;0
163001003301;4;2017;6;6;Única / Completa;2;02;Básica primaria;1;0
247798000034;4;2017;2;2;Mañana;3;03;Básica secundaria;0;1
419137001544;4;2017;2;2;Mañana;2;02;Básica primaria;0;1
268001004363;4;2017;3;3;Tarde;2;02;Básica primaria;1;0
119001000036;4;2017;2;2;Mañana;4;04;Media;0;2
276233001240;4;2017;2;2;Mañana;3;03;Básica secundaria;0;3
215814000113;4;2017;6;6;Única / Completa;2;02;Básica primaria;1;0
105360001004;4;2017;6;6;Única / Completa;3;03;Básica secundaria;1;0
368547002188;4;2017;6;6;Única / Completa;2;02;Básica primaria;1;0
166075000010;4;2017;2;2;Mañana;3;03;Básica secundaria;1;0
111001086843;4;2017;2;2;Mañana;2;02;Básica primaria;1;0
125754003291;4;2017;3;3;Tarde;2;02;Básica primaria;5;0
125754003291;4;2017;3;3;Tarde;3;03;Básica secundaria;5;6
115238000132;4;2017;6;6;Única / Completa;3;03;Básica secundaria;0;4
166572000015;4;2017;2;2;Mañana;4;04;Media;1;0
166682001335;4;2017;2;2;Mañana;4;04;Media;0;1
219075000229;4;2017;2;2;Mañana;1;01;Preescolar;1;0
219075000229;4;2017;2;2;Mañana;2;02;Básica primaria;1;1
166001000654;4;2017;2;2;Mañana;3;03;Básica secundaria;1;0
276364000401;4;2017;2;2;Mañana;2;02;Básica primaria;10;10
305360800003;4;2017;2;2;Mañana;5;05;CLEI (Ciclos lectivos integrados - decreto 3011 de 1997);1;0
220517000035;4;2017;2;2;Mañana;2;02;Básica primaria;0;3
117013000322;4;2017;6;6;Única / Completa;2;02;Básica primaria;1;1
176001028970;4;2017;2;2;Mañana;3;03;Básica secundaria;0;2
176001028970;4;2017;2;2;Mañana;4;04;Media;3;0
276001012831;4;2017;2;2;Mañana;3;03;Básica secundaria;1;0
352001001454;4;2017;2;2;Mañana;2;02;Básica primaria;2;0
354001006921;4;2017;2;2;Mañana;1;01;Preescolar;1;0
105360000318;4;2017;6;6;Única / Completa;4;04;Media;1;0
305088000248;4;2017;5;5;Fin de Semana;5;05;CLEI (Ciclos lectivos integrados - decreto 3011 de 1997);6;4
105360000491;4;2017;2;2;Mañana;3;03;Básica secundaria;1;0
311769002290;4;2017;6;6;Única / Completa;3;03;Básica secundaria;1;0
476001029953;4;2017;6;6;Única / Completa;2;02;Básica primaria;1;0
476001029953;4;2017;6;6;Única / Completa;4;04;Media;1;6
317001007142;4;2017;6;6;Única / Completa;1;01;Preescolar;1;0
320001067766;4;2017;2;2;Mañana;1;01;Preescolar;2;2
320001067766;4;2017;2;2;Mañana;2;02;Básica primaria;0;1
215740000167;4;2017;6;6;Única / Completa;2;02;Básica primaria;1;0
376001043722;4;2017;6;6;Única / Completa;2;02;Básica primaria;1;0
219355001212;4;2017;2;2;Mañana;4;04;Media;1;1
368001005631;4;2017;6;6;Única / Completa;2;02;Básica primaria;1;1
317001005271;4;2017;2;2;Mañana;2;02;Básica primaria;1;1
219355001212;4;2017;2;2;Mañana;3;03;Básica secundaria;0;2
376001038851;4;2017;6;6;Única / Completa;1;01;Preescolar;3;7
376001038851;4;2017;6;6;Única / Completa;2;02;Básica primaria;8;2
325754004173;4;2017;6;6;Única / Completa;2;02;Básica primaria;1;0
325754004173;4;2017;6;6;Única / Completa;4;04;Media;1;0
176001012089;4;2017;3;3;Tarde;3;03;Básica secundaria;9;8
163001002941;4;2017;6;6;Única / Completa;4;04;Media;3;0
323189001677;4;2017;2;2;Mañana;2;02;Básica primaria;10;20
108001074194;4;2017;2;2;Mañana;3;03;Básica secundaria;3;5
108001074194;4;2017;2;2;Mañana;4;04;Media;5;0
276130000164;4;2017;6;6;Única / Completa;2;02;Básica primaria;4;8
317380000761;4;2017;2;2;Mañana;2;02;Básica primaria;1;0
111001013633;4;2017;3;3;Tarde;2;02;Básica primaria;10;12
376001044052;4;2017;2;2;Mañana;2;02;Básica primaria;0;1
111001075213;4;2017;3;3;Tarde;2;02;Básica primaria;21;16
254820000384;4;2017;6;6;Única / Completa;2;02;Básica primaria;1;0
254820000384;4;2017;6;6;Única / Completa;3;03;Básica secundaria;0;1
163001003069;4;2017;6;6;Única / Completa;4;04;Media;0;1
223586000020;4;2017;2;2;Mañana;2;02;Básica primaria;1;0
166001000620;4;2017;6;6;Única / Completa;4;04;Media;1;1
166001000620;4;2017;3;3;Tarde;3;03;Básica secundaria;1;1
247058000987;4;2017;2;2;Mañana;2;02;Básica primaria;3;2
220178000462;4;2017;2;2;Mañana;2;02;Básica primaria;2;0
127001000233;4;2017;3;3;Tarde;3;03;Básica secundaria;1;2
176622000084;4;2017;2;2;Mañana;2;02;Básica primaria;0;1
176622000084;4;2017;2;2;Mañana;3;03;Básica secundaria;4;7
176622000084;4;2017;2;2;Mañana;4;04;Media;6;1
376001029878;4;2017;6;6;Única / Completa;2;02;Básica primaria;1;0
325754004629;4;2017;6;6;Única / Completa;3;03;Básica secundaria;1;0
376001026348;4;2017;6;6;Única / Completa;1;01;Preescolar;2;2
376001026348;4;2017;6;6;Única / Completa;2;02;Básica primaria;7;7
376001026348;4;2017;6;6;Única / Completa;3;03;Básica secundaria;6;8
376001026348;4;2017;6;6;Única / Completa;4;04;Media;2;0
163001002593;4;2017;6;6;Única / Completa;4;04;Media;2;0
252885000141;4;2017;2;2;Mañana;3;03;Básica secundaria;1;0
166001003505;4;2017;2;2;Mañana;3;03;Básica secundaria;14;6
166001003505;4;2017;2;2;Mañana;4;04;Media;4;0
205631000267;4;2017;2;2;Mañana;4;04;Media;2;0
163548000200;4;2017;6;6;Única / Completa;4;04;Media;1;0
166400000315;4;2017;2;2;Mañana;2;02;Básica primaria;2;2
166400000315;4;2017;2;2;Mañana;3;03;Básica secundaria;3;2
252885000141;4;2017;2;2;Mañana;4;04;Media;1;1
119573000774;4;2017;2;2;Mañana;2;02;Básica primaria;1;1
119573000774;4;2017;2;2;Mañana;3;03;Básica secundaria;3;5
119573000774;4;2017;2;2;Mañana;4;04;Media;2;3
105001000876;4;2017;2;2;Mañana;2;02;Básica primaria;1;0
111001086835;4;2017;3;3;Tarde;3;03;Básica secundaria;0;1
111001086835;4;2017;2;2;Mañana;2;02;Básica primaria;1;0
111001086835;4;2017;2;2;Mañana;3;03;Básica secundaria;2;0
111001086835;4;2017;2;2;Mañana;4;04;Media;0;1
219110000202;4;2017;2;2;Mañana;2;02;Básica primaria;1;1
363001001821;4;2017;6;6;Única / Completa;3;03;Básica secundaria;2;1
350001007760;4;2017;2;2;Mañana;5;05;CLEI (Ciclos lectivos integrados - decreto 3011 de 1997);0;1
125740000346;4;2017;3;3;Tarde;3;03;Básica secundaria;0;2
166001004471;4;2017;3;3;Tarde;3;03;Básica secundaria;2;4
166001004471;4;2017;3;3;Tarde;4;04;Media;2;7
186749000577;4;2017;2;2;Mañana;2;02;Básica primaria;8;1
186749000577;4;2017;2;2;Mañana;3;03;Básica secundaria;10;18
186749000577;4;2017;2;2;Mañana;4;04;Media;11;7
373001012232;4;2017;2;2;Mañana;2;02;Básica primaria;3;0
219701001313;4;2017;6;6;Única / Completa;2;02;Básica primaria;1;0
166001000476;4;2017;2;2;Mañana;3;03;Básica secundaria;0;2
166001000476;4;2017;2;2;Mañana;4;04;Media;0;4
111001025313;4;2017;6;6;Única / Completa;3;03;Básica secundaria;1;0
225596000055;4;2017;2;2;Mañana;2;02;Básica primaria;0;2
320060000306;4;2017;6;6;Única / Completa;1;01;Preescolar;1;1
320060000306;4;2017;6;6;Única / Completa;2;02;Básica primaria;0;1
105490000026;4;2017;2;2;Mañana;2;02;Básica primaria;2;0
105490000026;4;2017;5;5;Fin de Semana;5;05;CLEI (Ciclos lectivos integrados - decreto 3011 de 1997);1;0
286865004606;4;2017;2;2;Mañana;2;02;Básica primaria;1;0
385001800026;4;2017;2;2;Mañana;1;01;Preescolar;31;31
376109015628;4;2017;2;2;Mañana;2;02;Básica primaria;1;0
247189000109;4;2017;2;2;Mañana;2;02;Básica primaria;8;6
313001007163;4;2017;2;2;Mañana;1;01;Preescolar;1;0
244847800102;4;2017;2;2;Mañana;1;01;Preescolar;3;3
244847800102;4;2017;2;2;Mañana;2;02;Básica primaria;35;35
183460000138;4;2017;2;2;Mañana;2;02;Básica primaria;1;0
276364001610;4;2017;5;5;Fin de Semana;5;05;CLEI (Ciclos lectivos integrados - decreto 3011 de 1997);3;3
244847800125;4;2017;2;2;Mañana;1;01;Preescolar;12;12
244847800125;4;2017;2;2;Mañana;2;02;Básica primaria;20;13
283094000515;4;2017;2;2;Mañana;3;03;Básica secundaria;1;0
319001003921;4;2017;2;2;Mañana;1;01;Preescolar;1;2
223500000855;4;2017;2;2;Mañana;2;02;Básica primaria;0;3
317001005239;4;2017;2;2;Mañana;2;02;Básica primaria;1;0
315001003241;4;2017;6;6;Única / Completa;2;02;Básica primaria;1;0
315001003241;4;2017;6;6;Única / Completa;3;03;Básica secundaria;1;1
311001026637;4;2017;6;6;Única / Completa;2;02;Básica primaria;0;1
205665000177;4;2017;6;6;Única / Completa;2;02;Básica primaria;2;2
215664000055;4;2017;6;6;Única / Completa;3;03;Básica secundaria;1;0
376001020170;4;2017;2;2;Mañana;1;01;Preescolar;2;0
319001003921;4;2017;2;2;Mañana;2;02;Básica primaria;2;0
319001003921;4;2017;2;2;Mañana;4;04;Media;2;0
152427000626;4;2017;2;2;Mañana;3;03;Básica secundaria;3;2
125288000180;4;2017;2;2;Mañana;2;02;Básica primaria;2;0
315001001010;4;2017;6;6;Única / Completa;2;02;Básica primaria;2;0
141396000175;4;2017;6;6;Única / Completa;3;03;Básica secundaria;1;0
376520006656;4;2017;2;2;Mañana;2;02;Básica primaria;2;0
120001003246;4;2017;6;6;Única / Completa;4;04;Media;1;1
120001003246;4;2017;3;3;Tarde;3;03;Básica secundaria;3;1
176606000139;4;2017;3;3;Tarde;2;02;Básica primaria;0;1
423466003865;4;2017;3;3;Tarde;3;03;Básica secundaria;10;10
423466003865;4;2017;3;3;Tarde;4;04;Media;5;3
166001000859;4;2017;2;2;Mañana;4;04;Media;1;0
147541000039;4;2017;2;2;Mañana;2;02;Básica primaria;1;3
273168000541;4;2017;2;2;Mañana;2;02;Básica primaria;5;8
252540000343;4;2017;2;2;Mañana;2;02;Básica primaria;1;0
115185000011;4;2017;2;2;Mañana;1;01;Preescolar;1;1
127001000233;4;2017;2;2;Mañana;3;03;Básica secundaria;7;2
323807005611;4;2017;2;2;Mañana;1;01;Preescolar;0;1
405001018213;4;2017;2;2;Mañana;5;05;CLEI (Ciclos lectivos integrados - decreto 3011 de 1997);3;2
266440000088;4;2017;2;2;Mañana;3;03;Básica secundaria;1;0
115238001813;4;2017;6;6;Única / Completa;3;03;Básica secundaria;0;17
176828000021;4;2017;2;2;Mañana;3;03;Básica secundaria;2;0
266682000457;4;2017;2;2;Mañana;3;03;Básica secundaria;2;0
266682000457;4;2017;2;2;Mañana;4;04;Media;3;2
105308000041;4;2017;2;2;Mañana;3;03;Básica secundaria;5;1
115238001813;4;2017;6;6;Única / Completa;2;02;Básica primaria;0;3
115238001813;4;2017;6;6;Única / Completa;4;04;Media;0;11
219137000107;4;2017;6;6;Única / Completa;2;02;Básica primaria;1;0
118001003152;4;2017;4;4;Nocturna;5;05;CLEI (Ciclos lectivos integrados - decreto 3011 de 1997);0;1
373001008227;4;2017;2;2;Mañana;2;02;Básica primaria;1;2
150330000181;4;2017;2;2;Mañana;3;03;Básica secundaria;5;6
150330000181;4;2017;2;2;Mañana;4;04;Media;5;2
147245001232;4;2017;2;2;Mañana;4;04;Media;1;0
176147001101;4;2017;3;3;Tarde;3;03;Básica secundaria;0;1
363001002037;4;2017;3;3;Tarde;2;02;Básica primaria;1;0
150313000321;4;2017;2;2;Mañana;3;03;Básica secundaria;1;0
150313000321;4;2017;2;2;Mañana;4;04;Media;0;2
247189002420;4;2017;2;2;Mañana;3;03;Básica secundaria;12;9
247189002420;4;2017;2;2;Mañana;4;04;Media;12;7
205079000494;4;2017;6;6;Única / Completa;2;02;Básica primaria;1;0
318001003925;4;2017;3;3;Tarde;1;01;Preescolar;1;0
318001003925;4;2017;3;3;Tarde;2;02;Básica primaria;1;1
373585000052;4;2017;6;6;Única / Completa;2;02;Básica primaria;1;0
366001005540;4;2017;3;3;Tarde;2;02;Básica primaria;1;2
119532000022;4;2017;2;2;Mañana;1;01;Preescolar;1;0
166170000884;4;2017;2;2;Mañana;3;03;Básica secundaria;1;0
215814000253;4;2017;6;6;Única / Completa;3;03;Básica secundaria;1;0
215814000253;4;2017;6;6;Única / Completa;4;04;Media;2;2
252838000745;4;2017;2;2;Mañana;2;02;Básica primaria;0;1
105001000485;4;2017;2;2;Mañana;3;03;Básica secundaria;2;0
105001000485;4;2017;2;2;Mañana;4;04;Media;3;0
105001000485;4;2017;3;3;Tarde;3;03;Básica secundaria;2;0
220517000981;4;2017;2;2;Mañana;2;02;Básica primaria;1;1
366001005027;4;2017;2;2;Mañana;1;01;Preescolar;1;0
166440000067;4;2017;2;2;Mañana;3;03;Básica secundaria;3;1
119001000079;4;2017;2;2;Mañana;4;04;Media;1;0
166001000069;4;2017;3;3;Tarde;2;02;Básica primaria;1;0
166400000153;4;2017;2;2;Mañana;3;03;Básica secundaria;3;0
166400000153;4;2017;2;2;Mañana;4;04;Media;1;0
166001000875;4;2017;3;3;Tarde;3;03;Básica secundaria;13;19
376001037536;4;2017;4;4;Nocturna;5;05;CLEI (Ciclos lectivos integrados - decreto 3011 de 1997);1;0
205034000817;4;2017;6;6;Única / Completa;1;01;Preescolar;2;1
205034000817;4;2017;6;6;Única / Completa;2;02;Básica primaria;8;4
286755000192;4;2017;2;2;Mañana;2;02;Básica primaria;0;1
317001005824;4;2017;6;6;Única / Completa;2;02;Básica primaria;0;1
120001006768;4;2017;2;2;Mañana;3;03;Básica secundaria;5;2
368001006239;4;2017;2;2;Mañana;2;02;Básica primaria;1;0
313001028021;4;2017;2;2;Mañana;2;02;Básica primaria;2;0
313268000028;4;2017;2;2;Mañana;1;01;Preescolar;0;1
176113000377;4;2017;2;2;Mañana;3;03;Básica secundaria;4;4
176364000597;4;2017;2;2;Mañana;3;03;Básica secundaria;1;0
176364000597;4;2017;2;2;Mañana;4;04;Media;1;0
250006001921;4;2017;3;3;Tarde;5;05;CLEI (Ciclos lectivos integrados - decreto 3011 de 1997);216;0
250006001921;4;2017;2;2;Mañana;5;05;CLEI (Ciclos lectivos integrados - decreto 3011 de 1997);633;0
454001800052;4;2017;2;2;Mañana;2;02;Básica primaria;1;2
313001012868;4;2017;3;3;Tarde;2;02;Básica primaria;1;0
319001003921;4;2017;3;3;Tarde;3;03;Básica secundaria;2;1
223162001662;4;2017;2;2;Mañana;3;03;Básica secundaria;2;2
176147001241;4;2017;6;6;Única / Completa;3;03;Básica secundaria;0;6
176147001241;4;2017;6;6;Única / Completa;4;04;Media;0;23
254223000314;4;2017;6;6;Única / Completa;2;02;Básica primaria;1;2
354001000400;4;2017;6;6;Única / Completa;2;02;Básica primaria;3;0
117662000188;4;2017;2;2;Mañana;4;04;Media;1;0
308433000344;4;2017;2;2;Mañana;2;02;Básica primaria;0;3
308433000344;4;2017;3;3;Tarde;3;03;Básica secundaria;1;1
308433000344;4;2017;3;3;Tarde;4;04;Media;0;1
220787000894;4;2017;2;2;Mañana;1;01;Preescolar;0;1
344001005147;4;2017;6;6;Única / Completa;1;01;Preescolar;1;0
319001004669;4;2017;2;2;Mañana;5;05;CLEI (Ciclos lectivos integrados - decreto 3011 de 1997);1;0
111001076937;4;2017;2;2;Mañana;2;02;Básica primaria;10;15
111001076937;4;2017;2;2;Mañana;3;03;Básica secundaria;15;8
168001005187;4;2017;3;3;Tarde;2;02;Básica primaria;1;0
266088000528;4;2017;2;2;Mañana;3;03;Básica secundaria;1;0
125899000631;4;2017;6;6;Única / Completa;3;03;Básica secundaria;1;0
285410000045;4;2017;2;2;Mañana;3;03;Básica secundaria;1;1
115001002602;4;2017;2;2;Mañana;4;04;Media;1;0
163001000728;4;2017;3;3;Tarde;3;03;Básica secundaria;2;0
220517011371;4;2017;2;2;Mañana;2;02;Básica primaria;1;0
223500000375;4;2017;2;2;Mañana;2;02;Básica primaria;2;1
223500000375;4;2017;2;2;Mañana;3;03;Básica secundaria;1;0
166687000248;4;2017;2;2;Mañana;3;03;Básica secundaria;1;0
108372000169;4;2017;2;2;Mañana;2;02;Básica primaria;1;0
108372000169;4;2017;3;3;Tarde;3;03;Básica secundaria;1;1
123001000483;4;2017;3;3;Tarde;2;02;Básica primaria;0;1
219110000156;4;2017;2;2;Mañana;2;02;Básica primaria;1;0
363470000282;4;2017;2;2;Mañana;1;01;Preescolar;1;0
176147001101;4;2017;2;2;Mañana;3;03;Básica secundaria;1;0
176147001101;4;2017;2;2;Mañana;4;04;Media;2;1
173024000020;4;2017;6;6;Única / Completa;3;03;Básica secundaria;1;3
166001002339;4;2017;6;6;Única / Completa;4;04;Media;0;1
166687000248;4;2017;2;2;Mañana;4;04;Media;1;1
105360001934;4;2017;3;3;Tarde;2;02;Básica primaria;2;1
166001006091;4;2017;2;2;Mañana;4;04;Media;1;1
220011001751;4;2017;2;2;Mañana;2;02;Básica primaria;0;1
476520006359;4;2017;3;3;Tarde;1;01;Preescolar;0;1
476520006359;4;2017;3;3;Tarde;2;02;Básica primaria;1;1
376111002827;4;2017;2;2;Mañana;4;04;Media;1;0
376001010298;4;2017;6;6;Única / Completa;1;01;Preescolar;0;1
325175032432;4;2017;6;6;Única / Completa;2;02;Básica primaria;1;0
276364000940;4;2017;6;6;Única / Completa;3;03;Básica secundaria;1;2
325772000282;4;2017;6;6;Única / Completa;3;03;Básica secundaria;0;1
325772000282;4;2017;6;6;Única / Completa;4;04;Media;1;0
311769002290;4;2017;6;6;Única / Completa;2;02;Básica primaria;4;0
113042001618;4;2017;2;2;Mañana;2;02;Básica primaria;1;0
105360000385;4;2017;3;3;Tarde;2;02;Básica primaria;2;0
308001074789;4;2017;6;6;Única / Completa;3;03;Básica secundaria;1;0
305001000077;4;2017;6;6;Única / Completa;2;02;Básica primaria;1;0
323686001371;4;2017;5;5;Fin de Semana;5;05;CLEI (Ciclos lectivos integrados - decreto 3011 de 1997);9;10
368276001091;4;2017;2;2;Mañana;1;01;Preescolar;10;10
368276001091;4;2017;2;2;Mañana;2;02;Básica primaria;23;18
368276001091;4;2017;3;3;Tarde;1;01;Preescolar;2;1
323001007843;4;2017;6;6;Única / Completa;3;03;Básica secundaria;1;0
176895000231;4;2017;2;2;Mañana;2;02;Básica primaria;1;0
252019000434;4;2017;2;2;Mañana;1;01;Preescolar;1;0
276126000168;4;2017;2;2;Mañana;2;02;Básica primaria;0;1
185410001021;4;2017;3;3;Tarde;1;01;Preescolar;0;1
185410001021;4;2017;3;3;Tarde;2;02;Básica primaria;0;1
176606000422;4;2017;6;6;Única / Completa;4;04;Media;2;0
163001000302;4;2017;6;6;Única / Completa;2;02;Básica primaria;1;0
117662000145;4;2017;2;2;Mañana;2;02;Básica primaria;1;0
111001013633;4;2017;2;2;Mañana;2;02;Básica primaria;15;10
163001000302;4;2017;6;6;Única / Completa;4;04;Media;1;2
341001004559;4;2017;5;5;Fin de Semana;5;05;CLEI (Ciclos lectivos integrados - decreto 3011 de 1997);0;1
141020000018;4;2017;2;2;Mañana;3;03;Básica secundaria;1;0
141020000018;4;2017;2;2;Mañana;4;04;Media;2;0
250313000369;4;2017;2;2;Mañana;3;03;Básica secundaria;6;0
176736000025;4;2017;2;2;Mañana;3;03;Básica secundaria;2;0
176736000025;4;2017;2;2;Mañana;4;04;Media;1;0
311001005168;4;2017;2;2;Mañana;1;01;Preescolar;9;8
311001005168;4;2017;2;2;Mañana;2;02;Básica primaria;48;38
311001005168;4;2017;2;2;Mañana;3;03;Básica secundaria;69;44
311001005168;4;2017;2;2;Mañana;4;04;Media;54;33
220011001963;4;2017;2;2;Mañana;2;02;Básica primaria;0;1
350006001719;4;2017;2;2;Mañana;2;02;Básica primaria;1;0
150313001000;4;2017;6;6;Única / Completa;3;03;Básica secundaria;0;1
273678000040;4;2017;2;2;Mañana;3;03;Básica secundaria;1;1
223417000797;4;2017;2;2;Mañana;2;02;Básica primaria;0;1
105360001098;4;2017;6;6;Única / Completa;2;02;Básica primaria;2;0
220178001345;4;2017;2;2;Mañana;2;02;Básica primaria;1;0
219142000336;4;2017;2;2;Mañana;2;02;Básica primaria;1;0
223672000105;4;2017;6;6;Única / Completa;2;02;Básica primaria;0;1
247570000077;4;2017;3;3;Tarde;2;02;Básica primaria;1;0
247189004546;4;2017;2;2;Mañana;3;03;Básica secundaria;1;0
323001007967;4;2017;2;2;Mañana;1;01;Preescolar;1;0
323001007967;4;2017;2;2;Mañana;2;02;Básica primaria;1;0
141001004061;4;2017;2;2;Mañana;3;03;Básica secundaria;16;41
166001001898;4;2017;3;3;Tarde;2;02;Básica primaria;9;8
152001001421;4;2017;2;2;Mañana;2;02;Básica primaria;1;0
141001004452;4;2017;2;2;Mañana;3;03;Básica secundaria;1;1
141001004452;4;2017;2;2;Mañana;4;04;Media;0;1
141001004452;4;2017;3;3;Tarde;3;03;Básica secundaria;1;0
119743000584;4;2017;2;2;Mañana;3;03;Básica secundaria;1;0
220001006461;4;2017;2;2;Mañana;2;02;Básica primaria;1;0
147058000087;4;2017;2;2;Mañana;3;03;Básica secundaria;2;3
147058000087;4;2017;2;2;Mañana;4;04;Media;0;1
319142001108;4;2017;5;5;Fin de Semana;5;05;CLEI (Ciclos lectivos integrados - decreto 3011 de 1997);1;0
176147001101;4;2017;2;2;Mañana;2;02;Básica primaria;0;1
276248000355;4;2017;2;2;Mañana;4;04;Media;0;1
168001003591;4;2017;2;2;Mañana;3;03;Básica secundaria;1;1
123079000277;4;2017;3;3;Tarde;4;04;Media;1;0
166170001911;4;2017;2;2;Mañana;4;04;Media;2;2
166170001911;4;2017;3;3;Tarde;3;03;Básica secundaria;2;1
219585000410;4;2017;2;2;Mañana;2;02;Básica primaria;1;0
208560000022;4;2017;2;2;Mañana;2;02;Básica primaria;3;1
105001000477;4;2017;6;6;Única / Completa;2;02;Básica primaria;1;0
219532001538;4;2017;2;2;Mañana;1;01;Preescolar;1;0
176126000066;4;2017;2;2;Mañana;1;01;Preescolar;1;1
176126000066;4;2017;2;2;Mañana;3;03;Básica secundaria;4;4
176126000066;4;2017;3;3;Tarde;2;02;Básica primaria;3;3
266687000277;4;2017;2;2;Mañana;2;02;Básica primaria;0;1
186749000518;4;2017;2;2;Mañana;2;02;Básica primaria;0;5
166440000067;4;2017;4;4;Nocturna;5;05;CLEI (Ciclos lectivos integrados - decreto 3011 de 1997);1;0
166001000875;4;2017;6;6;Única / Completa;3;03;Básica secundaria;64;37
166001000875;4;2017;6;6;Única / Completa;4;04;Media;21;48
117272000098;4;2017;6;6;Única / Completa;4;04;Media;0;1
311001106622;4;2017;2;2;Mañana;5;05;CLEI (Ciclos lectivos integrados - decreto 3011 de 1997);0;1
117001002257;4;2017;2;2;Mañana;3;03;Básica secundaria;1;0
117001002257;4;2017;2;2;Mañana;4;04;Media;1;0
376001000951;4;2017;2;2;Mañana;2;02;Básica primaria;1;0
317001005948;4;2017;2;2;Mañana;4;04;Media;2;0
219760000550;4;2017;2;2;Mañana;2;02;Básica primaria;0;1
176895000168;4;2017;2;2;Mañana;2;02;Básica primaria;2;1
325307001434;4;2017;2;2;Mañana;1;01;Preescolar;1;0
319001002135;4;2017;6;6;Única / Completa;3;03;Básica secundaria;1;0
276834000666;4;2017;6;6;Única / Completa;4;04;Media;7;1
276834000666;4;2017;2;2;Mañana;3;03;Básica secundaria;1;1
268001003022;4;2017;3;3;Tarde;3;03;Básica secundaria;0;1
215317000100;4;2017;6;6;Única / Completa;2;02;Básica primaria;2;1
176001022360;4;2017;3;3;Tarde;4;04;Media;0;1
266687000013;4;2017;2;2;Mañana;2;02;Básica primaria;1;0
225754000076;4;2017;2;2;Mañana;3;03;Básica secundaria;3;0
152427000324;4;2017;2;2;Mañana;2;02;Básica primaria;2;2
373001009657;4;2017;2;2;Mañana;1;01;Preescolar;2;0
123001007135;4;2017;2;2;Mañana;2;02;Básica primaria;1;0
152427000626;4;2017;5;5;Fin de Semana;5;05;CLEI (Ciclos lectivos integrados - decreto 3011 de 1997);3;2
325473001108;4;2017;6;6;Única / Completa;2;02;Básica primaria;1;0
225898000127;4;2017;2;2;Mañana;3;03;Básica secundaria;1;0
320001002699;4;2017;3;3;Tarde;3;03;Básica secundaria;1;0
320001002699;4;2017;3;3;Tarde;4;04;Media;0;2
425175032496;4;2017;6;6;Única / Completa;3;03;Básica secundaria;1;0
305001024936;4;2017;3;3;Tarde;1;01;Preescolar;5;4
305001024936;4;2017;2;2;Mañana;1;01;Preescolar;5;5
223555001435;4;2017;2;2;Mañana;3;03;Básica secundaria;1;0
108296000049;4;2017;2;2;Mañana;3;03;Básica secundaria;3;2
108296000049;4;2017;2;2;Mañana;4;04;Media;5;6
173001002181;4;2017;2;2;Mañana;2;02;Básica primaria;3;2
141396001881;4;2017;3;3;Tarde;2;02;Básica primaria;1;0
173001002181;4;2017;2;2;Mañana;1;01;Preescolar;0;1
173001002181;4;2017;2;2;Mañana;3;03;Básica secundaria;5;2
173001002181;4;2017;2;2;Mañana;4;04;Media;2;0
385001004041;4;2017;2;2;Mañana;3;03;Básica secundaria;1;0
150325000254;4;2017;2;2;Mañana;2;02;Básica primaria;1;0
320013002015;4;2017;2;2;Mañana;1;01;Preescolar;3;1
320013002015;4;2017;2;2;Mañana;2;02;Básica primaria;1;1
168547001182;4;2017;2;2;Mañana;4;04;Media;1;1
163302000146;4;2017;6;6;Única / Completa;2;02;Básica primaria;0;1
352399000827;4;2017;5;5;Fin de Semana;5;05;CLEI (Ciclos lectivos integrados - decreto 3011 de 1997);5;1
123001000696;4;2017;2;2;Mañana;3;03;Básica secundaria;3;0
123001000696;4;2017;2;2;Mañana;4;04;Media;15;0
141001004452;4;2017;5;5;Fin de Semana;5;05;CLEI (Ciclos lectivos integrados - decreto 3011 de 1997);1;0
119001004031;4;2017;2;2;Mañana;2;02;Básica primaria;2;1
150330000017;4;2017;2;2;Mañana;2;02;Básica primaria;3;4
111001010731;4;2017;2;2;Mañana;3;03;Básica secundaria;1;0
373449000804;4;2017;2;2;Mañana;2;02;Básica primaria;1;0
250573030814;4;2017;2;2;Mañana;3;03;Básica secundaria;2;1
220570068326;4;2017;2;2;Mañana;2;02;Básica primaria;0;1
119001000061;4;2017;3;3;Tarde;3;03;Básica secundaria;0;1
266594001109;4;2017;2;2;Mañana;3;03;Básica secundaria;1;0
276834001778;4;2017;3;3;Tarde;3;03;Básica secundaria;3;8
105212000163;4;2017;3;3;Tarde;3;03;Básica secundaria;0;1
173349000263;4;2017;2;2;Mañana;3;03;Básica secundaria;3;1
173349000263;4;2017;2;2;Mañana;4;04;Media;6;9
252260000275;4;2017;2;2;Mañana;3;03;Básica secundaria;1;0
111001030856;4;2017;2;2;Mañana;2;02;Básica primaria;2;0
219532000345;4;2017;2;2;Mañana;2;02;Básica primaria;1;1
111001092410;4;2017;2;2;Mañana;3;03;Básica secundaria;0;1
305380019472;4;2017;6;6;Única / Completa;2;02;Básica primaria;2;1
305380019472;4;2017;6;6;Única / Completa;3;03;Básica secundaria;0;1
166001004471;4;2017;2;2;Mañana;2;02;Básica primaria;1;1
452838000302;4;2017;2;2;Mañana;4;04;Media;1;0
344430001303;4;2017;6;6;Única / Completa;2;02;Básica primaria;1;0
344430001303;4;2017;6;6;Única / Completa;3;03;Básica secundaria;2;0
344430001303;4;2017;6;6;Única / Completa;4;04;Media;3;0
176001013301;4;2017;6;6;Única / Completa;2;02;Básica primaria;14;43
176001013301;4;2017;6;6;Única / Completa;3;03;Básica secundaria;38;134
219001000863;4;2017;2;2;Mañana;2;02;Básica primaria;1;0
305001019681;4;2017;6;6;Única / Completa;2;02;Básica primaria;1;0
166088000027;4;2017;2;2;Mañana;3;03;Básica secundaria;1;0
127001000420;4;2017;2;2;Mañana;2;02;Básica primaria;0;1
125214000099;4;2017;2;2;Mañana;4;04;Media;0;1
266682001101;4;2017;2;2;Mañana;3;03;Básica secundaria;1;0
166001006067;4;2017;2;2;Mañana;4;04;Media;1;0
166001000875;4;2017;4;4;Nocturna;5;05;CLEI (Ciclos lectivos integrados - decreto 3011 de 1997);0;4
276126000214;4;2017;2;2;Mañana;3;03;Básica secundaria;3;2
276126000214;4;2017;2;2;Mañana;4;04;Media;0;1
219142000379;4;2017;6;6;Única / Completa;2;02;Básica primaria;1;1
252786000130;4;2017;2;2;Mañana;2;02;Básica primaria;1;0
313001028039;4;2017;2;2;Mañana;2;02;Básica primaria;1;0
276364001610;4;2017;2;2;Mañana;3;03;Básica secundaria;6;6
276364001610;4;2017;4;4;Nocturna;5;05;CLEI (Ciclos lectivos integrados - decreto 3011 de 1997);2;0
219142000603;4;2017;6;6;Única / Completa;2;02;Básica primaria;1;1
166088000221;4;2017;2;2;Mañana;2;02;Básica primaria;1;0
215238001141;4;2017;6;6;Única / Completa;4;04;Media;2;1
376109014397;4;2017;2;2;Mañana;2;02;Básica primaria;1;1
315299000380;4;2017;2;2;Mañana;1;01;Preescolar;1;1
315299000380;4;2017;2;2;Mañana;2;02;Básica primaria;1;1
117001002729;4;2017;6;6;Única / Completa;3;03;Básica secundaria;1;0
213052000461;4;2017;2;2;Mañana;3;03;Básica secundaria;0;1
176520005821;4;2017;2;2;Mañana;2;02;Básica primaria;1;0
313001027067;4;2017;2;2;Mañana;2;02;Básica primaria;1;1
117541001748;4;2017;6;6;Única / Completa;4;04;Media;1;0
215238000412;4;2017;6;6;Única / Completa;2;02;Básica primaria;2;0
163001000728;4;2017;2;2;Mañana;3;03;Básica secundaria;1;0
423466003865;4;2017;2;2;Mañana;1;01;Preescolar;6;5
423466003865;4;2017;2;2;Mañana;2;02;Básica primaria;13;14
347660000194;4;2017;2;2;Mañana;1;01;Preescolar;1;1
152356000191;4;2017;2;2;Mañana;3;03;Básica secundaria;0;1
308001800048;4;2017;2;2;Mañana;1;01;Preescolar;2;0
185001001744;4;2017;3;3;Tarde;3;03;Básica secundaria;1;0
150001000162;4;2017;3;3;Tarde;2;02;Básica primaria;0;2
219001002041;4;2017;2;2;Mañana;2;02;Básica primaria;1;0
317001000075;4;2017;2;2;Mañana;3;03;Básica secundaria;1;0
163001001325;4;2017;6;6;Única / Completa;2;02;Básica primaria;7;2
163001001325;4;2017;6;6;Única / Completa;3;03;Básica secundaria;1;0
163001001325;4;2017;6;6;Única / Completa;4;04;Media;3;0
219532000141;4;2017;2;2;Mañana;2;02;Básica primaria;0;1
176622000076;4;2017;2;2;Mañana;3;03;Básica secundaria;3;0
176622000076;4;2017;2;2;Mañana;4;04;Media;1;0
363001002037;4;2017;2;2;Mañana;3;03;Básica secundaria;1;1
363001002037;4;2017;2;2;Mañana;4;04;Media;6;2
108001012652;4;2017;4;4;Nocturna;5;05;CLEI (Ciclos lectivos integrados - decreto 3011 de 1997);1;1
176834001609;4;2017;3;3;Tarde;3;03;Básica secundaria;0;1
163001002542;4;2017;2;2;Mañana;2;02;Básica primaria;0;1
308758001525;4;2017;2;2;Mañana;4;04;Media;1;0
111001020168;4;2017;2;2;Mañana;3;03;Básica secundaria;3;0
225175000170;4;2017;2;2;Mañana;3;03;Básica secundaria;0;1
111001020168;4;2017;3;3;Tarde;3;03;Básica secundaria;5;0
166001006733;4;2017;3;3;Tarde;1;01;Preescolar;2;1
315001002989;4;2017;2;2;Mañana;1;01;Preescolar;1;0
315001002989;4;2017;2;2;Mañana;2;02;Básica primaria;1;0
176318000701;4;2017;2;2;Mañana;4;04;Media;9;4
125740000346;4;2017;2;2;Mañana;3;03;Básica secundaria;1;0
376520007151;4;2017;2;2;Mañana;2;02;Básica primaria;1;0
313001008411;4;2017;2;2;Mañana;3;03;Básica secundaria;1;0
168001001025;4;2017;2;2;Mañana;3;03;Básica secundaria;1;1
166001001006;4;2017;3;3;Tarde;2;02;Básica primaria;1;0
220517000523;4;2017;2;2;Mañana;2;02;Básica primaria;1;1
311001039399;4;2017;6;6;Única / Completa;4;04;Media;1;1
241298000234;4;2017;2;2;Mañana;4;04;Media;1;0
366170000085;4;2017;2;2;Mañana;2;02;Básica primaria;1;1
366170000085;4;2017;2;2;Mañana;3;03;Básica secundaria;1;0
266001002244;4;2017;6;6;Única / Completa;3;03;Básica secundaria;4;2
266001002244;4;2017;6;6;Única / Completa;4;04;Media;1;0
166594000213;4;2017;2;2;Mañana;3;03;Básica secundaria;1;0
166594000213;4;2017;2;2;Mañana;4;04;Media;1;0
105001026018;4;2017;2;2;Mañana;2;02;Básica primaria;1;0
347001051105;4;2017;6;6;Única / Completa;1;01;Preescolar;2;0
347001051105;4;2017;6;6;Única / Completa;2;02;Básica primaria;2;2
347001051105;4;2017;6;6;Única / Completa;3;03;Básica secundaria;0;1
205360001254;4;2017;2;2;Mañana;2;02;Básica primaria;1;0
166001000476;4;2017;3;3;Tarde;2;02;Básica primaria;0;6
219256000271;4;2017;2;2;Mañana;3;03;Básica secundaria;1;0
219256000271;4;2017;2;2;Mañana;4;04;Media;1;0
217272000106;4;2017;2;2;Mañana;4;04;Media;2;0
319001004545;4;2017;2;2;Mañana;2;02;Básica primaria;1;0
319573000583;4;2017;2;2;Mañana;2;02;Básica primaria;12;6
166001000395;4;2017;6;6;Única / Completa;3;03;Básica secundaria;4;3
166001000395;4;2017;6;6;Única / Completa;4;04;Media;10;9
376001000951;4;2017;2;2;Mañana;3;03;Básica secundaria;3;5
376001000951;4;2017;2;2;Mañana;4;04;Media;1;1
376520004645;4;2017;2;2;Mañana;1;01;Preescolar;1;0
108001000085;4;2017;6;6;Única / Completa;2;02;Básica primaria;2;0
113001000143;4;2017;2;2;Mañana;3;03;Básica secundaria;1;0
252838000117;4;2017;2;2;Mañana;1;01;Preescolar;1;0
252838000117;4;2017;2;2;Mañana;2;02;Básica primaria;1;1
252838000117;4;2017;2;2;Mañana;3;03;Básica secundaria;2;1
247189000109;4;2017;3;3;Tarde;3;03;Básica secundaria;10;8
152356000182;4;2017;2;2;Mañana;3;03;Básica secundaria;1;0
252001003631;4;2017;2;2;Mañana;2;02;Básica primaria;1;0
166440000261;4;2017;2;2;Mañana;2;02;Básica primaria;1;0
473483000915;4;2017;2;2;Mañana;2;02;Básica primaria;0;1
176111001104;4;2017;6;6;Única / Completa;3;03;Básica secundaria;0;1
176111001104;4;2017;6;6;Única / Completa;4;04;Media;1;0
141298001066;4;2017;2;2;Mañana;2;02;Básica primaria;0;13
241807000427;4;2017;6;6;Única / Completa;2;02;Básica primaria;1;0
241807000427;4;2017;6;6;Única / Completa;3;03;Básica secundaria;2;0
241807000427;4;2017;6;6;Única / Completa;4;04;Media;1;0
176606000139;4;2017;2;2;Mañana;3;03;Básica secundaria;1;1
452215000441;4;2017;2;2;Mañana;3;03;Básica secundaria;1;0
111001076937;4;2017;3;3;Tarde;2;02;Básica primaria;16;13
111001076937;4;2017;3;3;Tarde;3;03;Básica secundaria;10;9
117662000137;4;2017;2;2;Mañana;3;03;Básica secundaria;1;0
266594000889;4;2017;2;2;Mañana;2;02;Básica primaria;1;0
273555001301;4;2017;2;2;Mañana;2;02;Básica primaria;0;1
105266001203;4;2017;6;6;Única / Completa;3;03;Básica secundaria;0;1
254720001511;4;2017;2;2;Mañana;2;02;Básica primaria;0;1
111279000362;4;2017;3;3;Tarde;3;03;Básica secundaria;1;0
247058000987;4;2017;3;3;Tarde;2;02;Básica primaria;5;1
220178015443;4;2017;2;2;Mañana;2;02;Básica primaria;1;0
166001001898;4;2017;2;2;Mañana;4;04;Media;11;3
150001000162;4;2017;2;2;Mañana;3;03;Básica secundaria;1;1
150001000162;4;2017;2;2;Mañana;4;04;Media;1;0
166001001898;4;2017;2;2;Mañana;3;03;Básica secundaria;45;18
176616000170;4;2017;2;2;Mañana;2;02;Básica primaria;1;0
141001003863;4;2017;3;3;Tarde;2;02;Básica primaria;1;0
266594000056;4;2017;2;2;Mañana;3;03;Básica secundaria;1;0
219364000393;4;2017;6;6;Única / Completa;1;01;Preescolar;10;1
219364000393;4;2017;6;6;Única / Completa;2;02;Básica primaria;39;25
150689000276;4;2017;2;2;Mañana;4;04;Media;1;0
168001003591;4;2017;3;3;Tarde;4;04;Media;1;1
311001109842;4;2017;6;6;Única / Completa;4;04;Media;1;0
273483000746;4;2017;2;2;Mañana;1;01;Preescolar;0;1
273483000746;4;2017;2;2;Mañana;2;02;Básica primaria;2;1
144430001088;4;2017;6;6;Única / Completa;3;03;Básica secundaria;1;0
176736000033;4;2017;2;2;Mañana;3;03;Básica secundaria;1;0
319845000049;4;2017;2;2;Mañana;1;01;Preescolar;0;1
276616000590;4;2017;2;2;Mañana;4;04;Media;1;0
115238001775;4;2017;2;2;Mañana;3;03;Básica secundaria;4;3
115238001775;4;2017;2;2;Mañana;4;04;Media;2;1
423417003272;4;2017;2;2;Mañana;2;02;Básica primaria;0;1
105001000485;4;2017;4;4;Nocturna;5;05;CLEI (Ciclos lectivos integrados - decreto 3011 de 1997);0;1
166001004471;4;2017;5;5;Fin de Semana;5;05;CLEI (Ciclos lectivos integrados - decreto 3011 de 1997);1;0
366001003377;4;2017;6;6;Única / Completa;3;03;Básica secundaria;0;1
385001004611;4;2017;6;6;Única / Completa;1;01;Preescolar;1;0
125875000281;4;2017;2;2;Mañana;4;04;Media;2;0
376001025244;4;2017;6;6;Única / Completa;3;03;Básica secundaria;2;0
166001000875;4;2017;2;2;Mañana;2;02;Básica primaria;1;0
176041000016;4;2017;3;3;Tarde;3;03;Básica secundaria;0;1
166001000565;4;2017;2;2;Mañana;3;03;Básica secundaria;7;8
166001000565;4;2017;2;2;Mañana;4;04;Media;4;3
166001000565;4;2017;3;3;Tarde;2;02;Básica primaria;10;7
115491000017;4;2017;2;2;Mañana;3;03;Básica secundaria;0;1
368001006867;4;2017;2;2;Mañana;1;01;Preescolar;2;0
368001006867;4;2017;2;2;Mañana;2;02;Básica primaria;1;0
311001095728;4;2017;6;6;Única / Completa;2;02;Básica primaria;2;1
311001095728;4;2017;6;6;Única / Completa;3;03;Básica secundaria;0;2
166001006480;4;2017;3;3;Tarde;3;03;Básica secundaria;5;4
166001006480;4;2017;3;3;Tarde;4;04;Media;9;6
311001109753;4;2017;2;2;Mañana;5;05;CLEI (Ciclos lectivos integrados - decreto 3011 de 1997);5;0
311001109753;4;2017;6;6;Única / Completa;3;03;Básica secundaria;1;0
244001001678;4;2017;2;2;Mañana;2;02;Básica primaria;1;0
166687000256;4;2017;2;2;Mañana;3;03;Básica secundaria;1;0
166687000256;4;2017;2;2;Mañana;4;04;Media;1;3
117013001086;4;2017;6;6;Única / Completa;3;03;Básica secundaria;2;1
117013001086;4;2017;6;6;Única / Completa;4;04;Media;2;3
176001004965;4;2017;2;2;Mañana;2;02;Básica primaria;0;1
123001007402;4;2017;2;2;Mañana;3;03;Básica secundaria;0;1
376111002673;4;2017;6;6;Única / Completa;3;03;Básica secundaria;1;0
313001007686;4;2017;6;6;Única / Completa;1;01;Preescolar;1;0
108001003084;4;2017;2;2;Mañana;3;03;Básica secundaria;1;0
117001000165;4;2017;2;2;Mañana;2;02;Básica primaria;1;0
252256000244;4;2017;2;2;Mañana;3;03;Básica secundaria;1;0
368001005861;4;2017;6;6;Única / Completa;2;02;Básica primaria;1;1
368001005861;4;2017;6;6;Única / Completa;3;03;Básica secundaria;1;0
215238000731;4;2017;6;6;Única / Completa;3;03;Básica secundaria;1;0
347001051652;4;2017;2;2;Mañana;2;02;Básica primaria;3;0
311001107246;4;2017;6;6;Única / Completa;1;01;Preescolar;1;0
108001004838;4;2017;2;2;Mañana;3;03;Básica secundaria;1;0
